{
  "sprite": {
    "autostartstart": [
      0,
      1041.6099773242631
    ],
    "autostartstop": [
      3000,
      1053.5827664399094
    ],
    "bonus": [
      6000,
      3695.1473922902487
    ],
    "cardchange": [
      11000,
      82.72108843537396
    ],
    "changebet": [
      13000,
      292.4036281179134
    ],
    "click": [
      15000,
      59.77324263038497
    ],
    "doublewin0": [
      17000,
      600.7482993197293
    ],
    "doublewin1": [
      19000,
      800.340136054423
    ],
    "doublewin2": [
      21000,
      1000.2267573696138
    ],
    "doublewin3": [
      24000,
      1200.725623582766
    ],
    "doublewin4": [
      27000,
      1404.9886621315188
    ],
    "enterdouble": [
      30000,
      425.941043083899
    ],
    "fastpereliv": [
      32000,
      107.05215419501002
    ],
    "freegamesenter": [
      34000,
      5508.9795918367345
    ],
    "freegamesexit": [
      41000,
      3680.362811791383
    ],
    "hfreelstop": [
      46000,
      277.55102040816126
    ],
    "hfring0": [
      48000,
      1136.3265306122444
    ],
    "hfring1": [
      51000,
      2591.746031746034
    ],
    "hfring2": [
      55000,
      3569.8866213151914
    ],
    "hfwin07": [
      60000,
      4330.521541950119
    ],
    "info": [
      66000,
      607.5056689342375
    ],
    "reelstop": [
      68000,
      277.5283446711967
    ],
    "ring": [
      70000,
      1136.3265306122514
    ],
    "ring0": [
      73000,
      1136.3038548752797
    ],
    "ring1": [
      76000,
      2591.746031746027
    ],
    "ring2": [
      80000,
      3569.863945578234
    ],
    "roll0": [
      85000,
      1962.1768707482943
    ],
    "roll1": [
      88000,
      1962.0408163265352
    ],
    "roll2": [
      91000,
      1936.825396825398
    ],
    "roll3": [
      94000,
      1938.1405895691587
    ],
    "roll4": [
      97000,
      1961.6780045351447
    ],
    "scatter0": [
      100000,
      143.67346938774972
    ],
    "scatter1": [
      102000,
      138.59410430839603
    ],
    "scatter2": [
      104000,
      143.67346938774972
    ],
    "scatter3": [
      106000,
      143.67346938774972
    ],
    "scatter4": [
      108000,
      143.67346938774972
    ],
    "sine10khz": [
      110000,
      1000
    ],
    "sine1khz": [
      112000,
      1000
    ],
    "slowpereliv": [
      114000,
      105.87301587301567
    ],
    "splash": [
      116000,
      2805.4421768707416
    ],
    "test_win": [
      120000,
      138.18594104309057
    ],
    "wait": [
      122000,
      2025.9410430839039
    ],
    "win00": [
      126000,
      579.0476190476141
    ],
    "win01": [
      128000,
      722.7210884353781
    ],
    "win02": [
      130000,
      743.0385487528213
    ],
    "win04": [
      132000,
      1074.648526077084
    ],
    "win05": [
      135000,
      3012.063492063504
    ],
    "win06": [
      140000,
      1718.2766439909187
    ],
    "win07": [
      143000,
      4330.5442176870765
    ]
  },
  "src": [
    "./assets/allsounds.ogg",
    "./assets/allsounds.m4a",
    "./assets/allsounds.mp3",
    "./assets/allsounds.ac3"
  ]
}